timestamp,left_start_slope,left_end_slope,left_slope_diff,left_drift,left_y0,left_y1,left_y2,left_y3,left_y4,left_drop,right_start_slope,right_end_slope,right_slope_diff,right_drift,right_y0,right_y1,right_y2,right_y3,right_y4,right_drop,final_diagnosis
2025-06-07 23:32,1.1,1.0666,0.0334,FALSE,0.0278,-0.0386,0.0101,0.016,0.0202,FALSE,-0.8358,-0.6525,0.1832,FALSE,0.3175,0.3411,0.3435,0.3267,0.2963,TRUE,detected
2025-06-07 23:33,0.6467,0.6777,0.0311,FALSE,-0.0132,-0.0162,-0.015,-0.0136,-0.0078,FALSE,-0.7991,-0.7003,0.0988,FALSE,0.2382,0.284,0.2715,0.2355,0.2227,TRUE,detected
2025-06-07 23:33,0.5301,0.4563,0.0739,FALSE,0.0197,0.0072,0.0092,0.0073,0.0091,FALSE,-0.8245,-0.9371,0.1126,FALSE,0.2891,0.2867,0.2993,0.2953,0.2927,TRUE,detected
2025-06-07 23:34,0.595,0.5303,0.0647,FALSE,-0.0054,-0.0149,-0.011,-0.0114,-0.0165,FALSE,-0.9023,-0.9573,0.055,FALSE,0.2509,0.2901,0.2681,0.2612,0.2501,TRUE,detected
2025-06-07 23:35,0.7607,0.7277,0.033,FALSE,-0.0097,-0.0144,-0.0156,-0.0197,-0.0163,FALSE,-0.8182,-0.7571,0.061,FALSE,0.3017,0.3484,0.328,0.3055,0.2897,TRUE,detected
2025-06-08 0:56,0.8359,0.8619,0.026,FALSE,-0.0426,-0.1274,-0.0658,-0.0556,-0.0453,FALSE,-0.6816,-0.5052,0.1764,FALSE,0.1971,0.2093,0.1983,0.1854,0.1595,TRUE,detected
2025-06-08 0:56,0.4058,0.4441,0.0383,FALSE,-0.0216,-0.0262,-0.0378,-0.0239,-0.014,FALSE,-0.4733,-0.5707,0.0974,FALSE,0.1766,0.2984,0.2454,0.2256,0.1974,TRUE,detected
2025-06-08 0:57,0.4834,0.4673,0.0161,FALSE,-0.0386,-0.0544,-0.0534,-0.0445,-0.0439,FALSE,-0.689,-0.6461,0.0429,FALSE,0.2183,0.281,0.2896,0.2778,0.2106,TRUE,detected
2025-06-08 1:00,0.6867,0.5356,0.1511,FALSE,0.0156,-0.0053,-0.0077,-0.0135,-0.0095,FALSE,-0.9482,-0.7719,0.1762,FALSE,0.2342,0.2627,0.2256,0.2196,0.2199,TRUE,detected
2025-06-08 1:00,0.5848,0.5214,0.0634,FALSE,-0.0597,-0.0772,-0.0901,-0.0841,-0.0741,FALSE,-1.0268,-0.8338,0.193,FALSE,0.2016,0.215,0.1769,0.1664,0.1795,TRUE,detected
2025-06-08 1:14,0.4583,0.2866,0.1717,FALSE,-0.0342,-0.0846,-0.0658,-0.0696,-0.0675,FALSE,-0.801,-0.6314,0.1695,FALSE,0.1931,0.1771,0.1705,0.1584,0.1668,TRUE,detected
2025-06-08 1:14,0.4837,0.4712,0.0125,FALSE,-0.0082,-0.0093,-0.0086,-0.0152,-0.0108,FALSE,-0.9624,-0.7234,0.239,TRUE,0.1996,0.2184,0.1919,0.1751,0.1765,TRUE,detected
2025-06-08 1:15,0.7184,0.7969,0.0785,FALSE,0.0132,0.0185,0.0235,0.021,0.0233,FALSE,-0.6932,-2.2009,1.5076,TRUE,0.1932,0.2889,0.3213,0.3196,0.3161,TRUE,detected
2025-06-08 1:16,0.7747,0.8148,0.0401,FALSE,-0.0193,-0.0307,-0.0387,-0.0336,-0.0185,FALSE,-1.6257,-2.4079,0.7822,TRUE,0.1581,0.197,0.205,0.1951,0.1981,TRUE,detected
2025-06-08 1:32,0.7204,0.6364,0.084,FALSE,-0.0438,-0.0283,-0.051,-0.0595,-0.0535,FALSE,-0.9647,-1.0416,0.077,FALSE,0.1897,0.2313,0.2331,0.2165,0.2058,TRUE,detected
2025-06-08 1:34,0.5491,0.5045,0.0446,FALSE,-0.0211,0.0155,-0.0195,-0.0238,-0.0287,FALSE,-0.8143,-0.8347,0.0205,FALSE,0.2173,0.2469,0.2386,0.2262,0.2107,TRUE,detected
2025-06-08 1:34,0.6252,0.629,0.0037,FALSE,-0.0429,-0.068,-0.0709,-0.0518,-0.0427,FALSE,-0.6822,-1.2989,0.6167,TRUE,0.1438,0.205,0.1891,0.1925,0.2114,TRUE,detected
2025-06-08 1:35,0.8183,0.746,0.0723,FALSE,-0.0162,-0.051,-0.0455,-0.0363,-0.0258,FALSE,-0.967,-1.7459,0.7788,TRUE,0.1624,0.2163,0.232,0.2283,0.2233,TRUE,detected
2025-06-08 1:36,0.709,0.6595,0.0495,FALSE,-0.0171,-0.0328,-0.0351,-0.0275,-0.0292,FALSE,-0.7381,-0.839,0.1009,FALSE,0.1891,0.2476,0.249,0.2393,0.1945,TRUE,detected
2025-06-08 1:37,0.5016,0.5517,0.0501,FALSE,-0.0436,-0.0177,-0.0454,-0.037,-0.0336,FALSE,-0.6102,-1.1611,0.5508,TRUE,0.185,0.2265,0.2297,0.2278,0.2351,TRUE,detected
2025-06-08 1:38,0.612,0.6638,0.0517,FALSE,-0.024,-0.0125,-0.0331,-0.0146,-0.0172,FALSE,-0.6327,-2.2273,1.5946,TRUE,0.1253,0.1834,0.2319,0.2521,0.2553,TRUE,detected
2025-06-08 1:39,0.6943,0.6917,0.0026,FALSE,-0.0373,-0.0556,-0.05,-0.0425,-0.0389,FALSE,-0.9131,-1.5215,0.6084,TRUE,0.1488,0.1907,0.203,0.1996,0.2042,TRUE,detected
2025-06-08 1:41,0.7386,0.6118,0.1268,FALSE,-0.006,-0.0404,-0.0293,-0.0288,-0.0246,FALSE,-0.8781,-1.507,0.6289,TRUE,0.1803,0.2004,0.2231,0.2216,0.2345,TRUE,detected
2025-06-08 1:41,0.6079,0.5737,0.0341,FALSE,0.0001,-0.0162,-0.0082,-0.0004,-0.0072,FALSE,-0.8775,-0.8424,0.0351,FALSE,0.2785,0.3724,0.3164,0.3054,0.2696,TRUE,detected
2025-06-08 1:42,0.5821,0.5292,0.0529,FALSE,-0.0356,-0.0439,-0.0482,-0.0524,-0.0584,FALSE,-0.7433,-0.9746,0.2313,TRUE,0.2159,0.2315,0.2486,0.2612,0.2466,TRUE,detected
2025-06-08 1:44,0.8383,0.9275,0.0891,FALSE,0.2032,0.2472,0.2477,0.232,0.2144,TRUE,-0.9677,-0.9723,0.0046,FALSE,-0.0441,-0.0546,-0.0522,-0.0495,-0.0421,FALSE,detected
2025-06-08 1:48,0.7228,0.8464,0.1236,FALSE,0.1705,0.2091,0.2068,0.2069,0.1882,TRUE,-0.88,-0.784,0.096,FALSE,0.0063,-0.0592,-0.0294,-0.0206,-0.0073,FALSE,detected
2025-06-08 1:49,0.6037,0.7064,0.1027,FALSE,0.2279,0.2844,0.2804,0.2615,0.2426,TRUE,-0.7735,-0.7979,0.0244,FALSE,0.0204,0.0269,0.0287,0.0288,0.0273,FALSE,detected
2025-06-08 1:50,0.7001,0.797,0.0969,FALSE,0.2083,0.2671,0.2699,0.2527,0.2249,TRUE,-0.7516,-0.7069,0.0446,FALSE,0.0068,-0.0026,-0.0013,-0.0058,0.0008,FALSE,detected
2025-06-08 1:51,0.4456,1.5586,1.113,TRUE,0.1758,0.2844,0.3076,0.3184,0.3244,TRUE,-0.4758,-0.5988,0.1231,FALSE,0.0444,0.0477,0.0592,0.0662,0.0615,FALSE,detected
2025-06-08 1:52,0.8751,1.7508,0.8757,TRUE,0.1647,0.2328,0.2575,0.2499,0.2612,TRUE,-0.844,-0.8651,0.0211,FALSE,0.0271,0.0321,0.0244,0.0218,0.0304,FALSE,detected
2025-06-08 1:53,0.8553,1.1815,0.3262,TRUE,0.2075,0.264,0.2773,0.2746,0.2527,TRUE,-0.6964,-0.7139,0.0175,FALSE,0.0018,-0.0021,0.0023,0.0125,0.0062,FALSE,detected
2025-06-08 1:54,0.8424,0.999,0.1566,FALSE,0.216,0.2657,0.2722,0.2642,0.2395,TRUE,-0.7903,-0.7995,0.0093,FALSE,0.0377,0.056,0.0482,0.0559,0.0475,FALSE,detected
2025-06-08 1:54,0.8148,0.8717,0.0569,FALSE,0.2584,0.3108,0.313,0.2951,0.269,TRUE,-0.6765,-0.6988,0.0223,FALSE,-0.0116,-0.0182,-0.0151,-0.012,-0.0062,FALSE,detected
2025-06-08 1:55,0.9057,0.703,0.2027,TRUE,0.2894,0.2877,0.2793,0.2613,0.2545,TRUE,-0.6955,-0.7262,0.0306,FALSE,0.0338,0.039,0.0375,0.0428,0.0404,FALSE,detected
2025-06-08 1:57,0.7984,0.7197,0.0787,FALSE,0.2347,0.2556,0.2523,0.2342,0.2267,TRUE,-0.72,-0.7808,0.0608,FALSE,0.0129,0.0172,0.0179,0.0189,0.0207,FALSE,detected
2025-06-08 1:57,0.6265,0.6836,0.0571,FALSE,0.2244,0.2687,0.2685,0.252,0.2292,TRUE,-0.8951,-0.8914,0.0037,FALSE,0.0285,0.0279,0.0214,0.0221,0.0275,FALSE,detected
2025-06-08 1:58,0.9381,1.444,0.5059,TRUE,0.1395,0.1718,0.178,0.1854,0.1947,TRUE,-0.9786,-1.0721,0.0934,FALSE,0.0521,0.0502,0.0596,0.0567,0.0579,FALSE,detected
2025-06-08 2:00,1.0864,0.8617,0.2248,TRUE,0.2196,0.2481,0.2317,0.2144,0.2005,TRUE,-1.4843,-1.4538,0.0305,FALSE,0.0578,0.0626,0.0599,0.0523,0.0566,FALSE,detected
2025-06-08 2:02,1.0746,1.01,0.0646,FALSE,0.1917,0.1936,0.1797,0.1854,0.1825,TRUE,-1.3184,-1.2178,0.1006,FALSE,0.0137,0.0086,0.0089,0.005,0.0065,FALSE,detected
2025-06-08 2:02,0.9688,0.6811,0.2877,TRUE,0.2378,0.2261,0.2233,0.2026,0.2018,TRUE,-1.1807,-1.2296,0.0489,FALSE,0.0187,0.0254,0.0213,0.0222,0.0258,FALSE,detected
2025-06-08 2:03,0.8703,0.2379,0.6325,TRUE,0.2843,0.2676,0.2415,0.2132,0.18,TRUE,-1.2132,-1.2539,0.0408,FALSE,0.0119,0.0136,0.0072,0.0092,0.0164,FALSE,detected
2025-06-08 2:04,0.7333,0.8019,0.0686,FALSE,0.2353,0.2676,0.2551,0.2632,0.2526,TRUE,-0.9683,-0.8835,0.0849,FALSE,0.0186,0.0172,0.0129,0.0088,0.0077,FALSE,detected
2025-06-08 2:04,1.112,1.1475,0.0355,FALSE,0.2184,0.2449,0.2414,0.247,0.2295,TRUE,-1.1416,-1.2577,0.1161,FALSE,0.004,0.0141,0.0142,0.0155,0.012,FALSE,detected
2025-06-08 2:05,0.6419,0.7392,0.0973,FALSE,0.2041,0.2442,0.2479,0.2479,0.2253,TRUE,-0.4773,-0.6612,0.1839,FALSE,-0.0007,0.0028,0.0063,0.0244,0.0326,FALSE,detected
2025-06-08 2:06,0.6805,0.7267,0.0462,FALSE,0.2373,0.2778,0.2876,0.2701,0.2477,TRUE,-1.0409,-1.0185,0.0224,FALSE,0.0066,0.0007,-0.0044,-0.0033,0.0037,FALSE,detected
2025-06-08 2:06,0.7473,1.0121,0.2649,TRUE,0.1847,0.2387,0.261,0.2886,0.227,TRUE,-0.6163,-0.6753,0.059,FALSE,0.0528,0.0741,0.0712,0.0691,0.0647,FALSE,detected
2025-06-08 2:08,0.5591,0.9563,0.3972,TRUE,0.2078,0.27,0.289,0.28,0.2843,TRUE,-0.5371,-0.6333,0.0962,FALSE,0.0341,0.0377,0.0435,0.0387,0.0494,FALSE,detected
2025-06-08 2:09,0.5956,-0.0654,0.661,TRUE,0.3264,0.3214,0.2673,0.229,0.195,TRUE,-0.4702,-0.3351,0.1351,FALSE,0.0198,0.0074,0.001,-0.0031,-0.0049,FALSE,detected
2025-06-08 2:10,0.6508,0.4822,0.1686,FALSE,0.3485,0.3805,0.3422,0.3214,0.3138,TRUE,-0.61,-0.5859,0.0241,FALSE,0.0337,0.0438,0.0414,0.0365,0.0356,FALSE,detected
2025-06-07 21:32,0.7844,0.7709,0.0135,FALSE,-0.0048,-0.0132,-0.0051,0.0021,-0.0066,FALSE,-0.8285,-0.9531,0.1245,FALSE,-0.0192,-0.0235,-0.0054,0.0015,0.0071,FALSE,normal
2025-06-07 21:32,0.478,0.574,0.0961,FALSE,-0.0246,-0.0235,-0.0229,-0.0127,-0.0083,FALSE,-0.2649,-0.3729,0.108,FALSE,0.0296,0.017,0.0473,0.0608,0.0513,FALSE,normal
2025-06-07 21:33,0.7027,0.6756,0.0271,FALSE,0.0084,-0.0003,0.0003,0.0027,0.0044,FALSE,-0.4962,-0.561,0.0649,FALSE,-0.0282,-0.0322,-0.0276,-0.0252,-0.0169,FALSE,normal
2025-06-07 21:33,0.5614,0.6284,0.067,FALSE,-0.0179,-0.0209,-0.0183,-0.012,-0.0056,FALSE,-0.5134,-0.5332,0.0198,FALSE,-0.0079,-0.0061,-0.0061,-0.0057,-0.0028,FALSE,normal
2025-06-07 21:34,0.7408,0.8768,0.136,FALSE,-0.0103,-0.0054,0.0009,0.0043,0.0114,FALSE,-0.5977,-0.5101,0.0876,FALSE,0.0161,0.0523,0.0237,0.0174,0.0111,FALSE,normal
2025-06-07 21:34,0.7055,0.6871,0.0183,FALSE,-0.0252,-0.0347,-0.0323,-0.0252,-0.028,FALSE,-0.519,-0.5404,0.0214,FALSE,-0.0149,-0.1048,-0.018,0.0009,-0.0143,FALSE,normal
2025-06-07 21:35,0.7921,0.6968,0.0953,FALSE,0.0095,-0.0002,-0.0047,0.0037,-0.0058,FALSE,-0.5726,-0.5472,0.0253,FALSE,0.0097,0.0241,0.0192,0.0156,0.008,FALSE,normal
2025-06-07 21:36,0.9058,1.0264,0.1206,FALSE,-0.0081,-0.0026,-0.0051,-0.0014,0.0091,FALSE,-0.7231,-0.781,0.0579,FALSE,0.0258,0.0346,0.0316,0.0328,0.0345,FALSE,normal
2025-06-07 21:37,1.0837,1.0217,0.062,FALSE,-0.0148,-0.0275,-0.0312,-0.0288,-0.0255,FALSE,-0.8363,-0.8116,0.0247,FALSE,0.008,0.0069,0.009,0.0082,0.0048,FALSE,normal
2025-06-07 21:37,0.9587,1.0499,0.0913,FALSE,-0.0406,-0.0529,-0.0416,-0.0396,-0.0324,FALSE,-0.703,-0.6046,0.0984,FALSE,-0.0094,-0.0331,-0.0439,-0.0442,-0.0285,FALSE,normal
2025-06-07 21:38,0.7832,0.8449,0.0617,FALSE,-0.0249,-0.0286,-0.0274,-0.0217,-0.0158,FALSE,-0.6379,-0.6073,0.0306,FALSE,-0.0043,-0.0162,-0.0139,-0.0203,-0.0113,FALSE,normal
2025-06-07 21:39,1.0746,1.0795,0.0049,FALSE,-0.0077,-0.0138,-0.0118,-0.0156,-0.0077,FALSE,-0.6989,-0.6305,0.0685,FALSE,-0.0132,-0.0182,-0.021,-0.023,-0.0185,FALSE,normal
2025-06-07 21:40,0.7535,0.7583,0.0049,FALSE,0.0076,0.0047,0.0048,0.0118,0.0091,FALSE,-0.4847,-0.4933,0.0087,FALSE,0.011,0.0957,0.0344,0.0171,0.0196,FALSE,normal
2025-06-07 21:40,0.5939,0.5695,0.0244,FALSE,0.0196,0.0376,0.0276,0.0145,0.0152,FALSE,-0.5572,-0.5549,0.0023,FALSE,0.0155,0.017,0.0158,0.0173,0.0143,FALSE,normal
2025-06-07 21:41,0.6304,0.6789,0.0485,FALSE,0.001,-0.0099,0.0035,0.0094,0.0096,FALSE,-0.5138,-0.6301,0.1162,FALSE,0.0075,0.0145,0.0241,0.0326,0.0291,FALSE,normal
2025-06-07 21:42,0.7055,0.784,0.0785,FALSE,-0.0044,-0.0046,0.0029,0.0009,0.0042,FALSE,-0.4741,-0.6267,0.1526,FALSE,-0.0257,-0.0245,-0.0261,-0.0106,0.0003,FALSE,normal
2025-06-07 21:42,0.8298,0.917,0.0872,FALSE,-0.0096,-0.0207,-0.0051,-0.0019,0.0033,FALSE,-0.5457,-0.5364,0.0093,FALSE,-0.0003,0.0068,0.0077,-0.0023,-0.0005,FALSE,normal
2025-06-07 21:43,0.6589,0.7089,0.0501,FALSE,-0.005,-0.0044,-0.0009,-0.0028,0.0017,FALSE,-0.5057,-0.5284,0.0228,FALSE,-0.0137,0.0088,-0.0149,-0.0209,-0.0064,FALSE,normal
2025-06-07 21:44,1.0437,1.0177,0.026,FALSE,-0.0097,-0.0198,-0.0231,-0.0255,-0.0242,FALSE,-0.7839,-0.8199,0.036,FALSE,0.0111,0.0065,0.004,0.0101,0.0172,FALSE,normal
2025-06-07 21:45,0.9994,0.9181,0.0813,FALSE,-0.0311,-0.0512,-0.0576,-0.0602,-0.0436,FALSE,-0.915,-0.8253,0.0897,FALSE,-0.0222,-0.0412,-0.0489,-0.0521,-0.0363,FALSE,normal
2025-06-07 22:12,0.9516,0.9479,0.0038,FALSE,-0.0187,-0.0402,-0.0353,-0.0274,-0.0238,FALSE,-0.5364,-0.438,0.0984,FALSE,-0.0143,-0.0472,-0.0426,-0.0383,-0.0313,FALSE,normal
2025-06-07 22:13,0.9865,1.0041,0.0176,FALSE,-0.0033,-0.0047,-0.0065,-0.0046,-0.0027,FALSE,-0.4107,-0.4013,0.0094,FALSE,0.0053,0.069,0.0195,0.0052,0.004,FALSE,normal
2025-06-07 22:13,0.704,0.6409,0.063,FALSE,-0.0303,-0.0477,-0.0486,-0.0364,-0.0412,FALSE,-0.5478,-0.5074,0.0403,FALSE,-0.0147,-0.0205,-0.0324,-0.0263,-0.0225,FALSE,normal
2025-06-07 22:14,0.9489,0.8272,0.1216,FALSE,-0.0091,-0.034,-0.032,-0.0271,-0.0295,FALSE,-0.4624,-0.383,0.0794,FALSE,0.0044,-0.0523,-0.0278,-0.021,-0.0098,FALSE,normal
2025-06-07 22:14,0.8398,0.8984,0.0586,FALSE,-0.0296,-0.0355,-0.0312,-0.0248,-0.0244,FALSE,-0.4287,-0.4406,0.0119,FALSE,-0.0154,-0.0142,-0.0239,-0.009,-0.0101,FALSE,normal
2025-06-07 22:15,0.9217,0.9996,0.0779,FALSE,-0.017,-0.0149,-0.0148,-0.0137,-0.0115,FALSE,-0.4131,-0.4571,0.044,FALSE,-0.007,-0.001,-0.0097,-0.0097,0.0007,FALSE,normal
2025-06-07 22:15,0.7686,0.8321,0.0635,FALSE,-0.0303,-0.0364,-0.037,-0.0308,-0.0279,FALSE,-0.5235,-0.4773,0.0462,FALSE,0.0137,0.0081,0.0063,-0.0067,0.0063,FALSE,normal
2025-06-07 22:16,0.8294,0.7841,0.0453,FALSE,-0.0221,-0.043,-0.0438,-0.0351,-0.0277,FALSE,-0.6386,-0.5859,0.0528,FALSE,-0.0052,-0.006,-0.0068,-0.0081,-0.0099,FALSE,normal
2025-06-07 22:17,0.8554,0.8497,0.0057,FALSE,-0.0374,-0.0438,-0.0465,-0.0464,-0.0341,FALSE,-0.4388,-0.4133,0.0254,FALSE,0.0041,0.0004,-0.0017,-0.0059,0.0002,FALSE,normal
2025-06-07 22:17,1.3876,1.4861,0.0986,FALSE,-0.0288,-0.032,-0.0281,-0.0238,-0.0181,FALSE,-0.9883,-1.0281,0.0398,FALSE,0.0039,0.0031,0.0056,0.0083,0.0097,FALSE,normal
2025-06-07 22:18,0.3103,0.3124,0.0021,FALSE,-0.0114,-0.0041,-0.0085,-0.01,-0.008,FALSE,-0.16,-0.2206,0.0606,FALSE,-0.0171,-0.018,-0.0156,-0.0163,-0.0057,FALSE,normal
2025-06-07 23:11,0.4699,0.654,0.1841,FALSE,-0.0351,-0.0939,-0.0364,-0.0179,-0.0043,FALSE,-0.6313,-0.4672,0.1641,FALSE,-0.0367,-0.0618,-0.0862,-0.0827,-0.0669,FALSE,normal
2025-06-07 23:12,0.4335,0.4928,0.0594,FALSE,-0.0181,-0.0603,-0.0219,-0.0118,-0.0072,FALSE,-0.546,-0.4726,0.0733,FALSE,0.0028,-0.0098,-0.0241,-0.0213,-0.0145,FALSE,normal
2025-06-07 23:12,0.4484,0.52,0.0716,FALSE,-0.021,-0.0163,-0.0257,-0.0209,-0.0088,FALSE,-0.1945,-0.194,0.0004,FALSE,-0.0054,0.0067,0.0209,0.0078,0.0038,FALSE,normal
2025-06-07 23:13,0.6232,0.7759,0.1527,FALSE,-0.0466,-0.1015,-0.0457,-0.0416,-0.0314,FALSE,-0.4868,-0.4695,0.0173,FALSE,-0.0219,0.047,-0.0237,-0.0353,-0.021,FALSE,normal
2025-06-07 23:16,0.5443,0.6581,0.1138,FALSE,-0.0211,-0.0135,-0.0171,-0.0129,-0.0004,FALSE,-0.6387,-0.618,0.0207,FALSE,0.0229,0.0352,0.0291,0.0267,0.0203,FALSE,normal
2025-06-07 23:17,0.6457,0.7901,0.1443,FALSE,-0.0151,-0.0173,-0.0112,-0.0029,0.0116,FALSE,-0.741,-0.7852,0.0442,FALSE,-0.0006,0.0113,0.0075,0.0163,0.0126,FALSE,normal
2025-06-07 23:17,0.681,0.6668,0.0142,FALSE,-0.0262,-0.0449,-0.037,-0.0396,-0.0355,FALSE,-0.8623,-0.8627,0.0004,FALSE,-0.0089,-0.0036,-0.0145,-0.0116,-0.0109,FALSE,normal
2025-06-07 23:18,0.5857,0.6351,0.0494,FALSE,0.0073,0.0095,0.0145,0.0143,0.0221,FALSE,-0.829,-0.7478,0.0813,FALSE,-0.0257,-0.038,-0.0552,-0.0509,-0.0453,FALSE,normal
2025-06-07 23:18,0.6469,0.6965,0.0497,FALSE,-0.0121,-0.0263,-0.0099,-0.0035,-0.0048,FALSE,-0.6065,-0.5111,0.0954,FALSE,0.0063,-0.0198,-0.0359,-0.0296,-0.0149,FALSE,normal
2025-06-07 23:21,0.6879,0.7059,0.018,FALSE,-0.0238,-0.0359,-0.0411,-0.0447,-0.0236,FALSE,-0.7283,-0.6008,0.1275,FALSE,-0.0502,-0.0773,-0.0851,-0.0916,-0.0742,FALSE,normal
2025-06-07 23:22,0.8711,0.8906,0.0195,FALSE,-0.0161,-0.0194,-0.0275,-0.0285,-0.0187,FALSE,-0.6424,-0.5856,0.0568,FALSE,0.0114,-0.0018,-0.0061,-0.0181,0.0049,FALSE,normal
2025-06-07 23:22,0.7154,0.7516,0.0363,FALSE,-0.0089,-0.0525,-0.0148,-0.0018,-0.0005,FALSE,-0.7248,-0.7072,0.0176,FALSE,0.0022,-0.0198,-0.0143,-0.0076,0.0039,FALSE,normal
2025-06-07 23:23,0.5091,0.5185,0.0094,FALSE,-0.0617,-0.1169,-0.088,-0.072,-0.063,FALSE,-0.7158,-0.6705,0.0453,FALSE,-0.0228,-0.0375,-0.048,-0.0455,-0.0329,FALSE,normal
2025-06-07 23:23,0.8022,0.9368,0.1346,FALSE,-0.0149,-0.0302,-0.0193,-0.0097,0.0094,FALSE,-0.696,-0.7042,0.0082,FALSE,0.0313,0.0396,0.0352,0.033,0.0316,FALSE,normal
2025-06-07 23:24,0.8781,0.9245,0.0465,FALSE,-0.0207,-0.0063,-0.0277,-0.0193,-0.0112,FALSE,-0.7529,-0.7323,0.0206,FALSE,-0.0269,-0.0438,-0.0491,-0.036,-0.0308,FALSE,normal
2025-06-07 23:25,0.7922,0.7809,0.0113,FALSE,-0.0104,-0.0396,-0.0214,-0.0222,-0.0122,FALSE,-0.7004,-0.7519,0.0515,FALSE,-0.0357,-0.0417,-0.036,-0.04,-0.0252,FALSE,normal
2025-06-07 23:25,0.6571,0.7163,0.0591,FALSE,-0.0047,-0.0174,-0.0036,-0.0038,0.0075,FALSE,-0.5356,-0.5361,0.0005,FALSE,0.0234,0.0304,0.0293,0.0234,0.0221,FALSE,normal
2025-06-07 23:26,0.6959,0.7122,0.0163,FALSE,-0.0134,-0.014,-0.022,-0.0179,-0.0104,FALSE,-0.7491,-0.6441,0.105,FALSE,0.0181,0.0088,0.0011,0.0074,0.0046,FALSE,normal
2025-06-07 23:27,0.6384,0.7124,0.074,FALSE,-0.0232,-0.0395,-0.0154,-0.0087,-0.0058,FALSE,-0.7014,-0.5765,0.1248,FALSE,0.0169,0.0148,0.0066,0.004,-0.0007,FALSE,normal
2025-06-06 22:35,0.0995,0.2925,0.193,FALSE,0.0091,-0.0155,0.0046,-0.0005,0.016,FALSE,0.0335,-0.0771,0.1107,FALSE,0.0107,-0.0152,-0.0193,-0.0176,-0.0002,FALSE,normal
2025-06-07 0:48,0.5458,0.4769,0.0689,FALSE,-0.0352,-0.0077,-0.0448,-0.0423,-0.0423,FALSE,-0.7968,-0.8527,0.0559,FALSE,-0.0071,-0.0232,-0.0112,-0.0091,-0.0088,FALSE,normal
2025-06-07 17:47,0.6636,0.6347,0.0289,FALSE,-0.0062,-0.0102,-0.0151,-0.0121,-0.0098,FALSE,-1.0631,-1.042,0.0211,FALSE,-0.0005,0.0019,-0.0056,-0.0007,0.0006,FALSE,normal
2025-06-07 17:49,0.5767,0.5084,0.0683,FALSE,-0.0064,0.0187,-0.0307,-0.0338,-0.0188,FALSE,-1.0282,-0.9713,0.0569,FALSE,0.01,0.1282,0.0166,-0.0052,0.0267,FALSE,normal
2025-06-07 17:51,0.6253,0.4377,0.1876,FALSE,0.0197,-0.001,-0.0052,-0.0037,0.0015,FALSE,-1.1771,-1.1264,0.0507,FALSE,-0.0003,-0.011,-0.0064,-0.0038,-0.0086,FALSE,normal
2025-06-07 17:51,0.6266,0.5604,0.0662,FALSE,0.0135,0.0153,0.0211,0.0095,0.0077,FALSE,-1.0256,-0.9855,0.04,FALSE,0.0307,0.0253,0.0226,0.0243,0.0245,FALSE,normal
2025-06-07 17:53,0.4026,0.3339,0.0687,FALSE,-0.0291,-0.0497,-0.0543,-0.0466,-0.0423,FALSE,-0.8758,-0.7789,0.0969,FALSE,0.0055,-0.0192,-0.0097,-0.0092,-0.0082,FALSE,normal
2025-06-07 17:54,0.5015,0.5528,0.0513,FALSE,0.0044,0.0052,0.0032,0.0023,0.0119,FALSE,-0.921,-0.8921,0.0289,FALSE,0.0249,0.0103,0.0061,0.0137,0.0171,FALSE,normal
2025-06-07 17:54,0.6753,0.5494,0.1258,FALSE,-0.0099,-0.014,-0.0116,-0.0143,-0.0161,FALSE,-1.2908,-1.1561,0.1347,FALSE,0.0044,-0.0014,0.0025,0.001,-0.0038,FALSE,normal
2025-06-07 17:56,0.5443,0.5549,0.0105,FALSE,0.0051,-0.0001,-0.0073,0.0001,0.0039,FALSE,-0.8197,-0.8538,0.0341,FALSE,0.0057,-0.0001,0.0062,0.0059,0.0055,FALSE,normal
2025-06-07 18:10,0.4217,0.3116,0.1101,FALSE,-0.0018,-0.019,-0.0253,-0.0235,-0.0185,FALSE,-0.9741,-1.0167,0.0426,FALSE,-0.007,-0.0058,-0.0065,-0.008,-0.0061,FALSE,normal
2025-06-07 18:11,0.3414,0.3559,0.0145,FALSE,0.0062,-0.0016,-0.0027,-0.0035,0.0028,FALSE,-0.6263,-0.69,0.0637,FALSE,0.0049,0.0008,0.003,0.003,0.0079,FALSE,normal
2025-06-07 18:12,0.2857,0.3667,0.081,FALSE,-0.0014,0.0046,0.006,0.004,0.0111,FALSE,-0.9619,-0.9591,0.0028,FALSE,-0.0006,-0.0206,-0.0096,0.0014,0.0025,FALSE,normal
2025-06-07 18:34,0.5749,0.7333,0.1584,FALSE,-0.0187,-0.0022,-0.0027,-0.0048,0.0063,FALSE,-0.8881,-0.9358,0.0477,FALSE,0.0048,0.0095,0.0084,0.0041,0.0144,FALSE,normal
2025-06-07 18:37,0.7874,0.7028,0.0846,FALSE,-0.0201,-0.0359,-0.036,-0.0352,-0.0339,FALSE,-1.3099,-1.4119,0.102,FALSE,0.0033,-0.0028,0.003,0.0207,0.0097,FALSE,normal
2025-06-07 18:38,0.4936,0.4301,0.0635,FALSE,0.005,0.0071,-0.0042,-0.0055,-0.0037,FALSE,-1.2268,-1.2081,0.0187,FALSE,0.0029,0.0024,0.0021,-0.0022,-0.0029,FALSE,normal
2025-06-07 18:39,0.4774,0.4082,0.0692,FALSE,0.0042,-0.0157,-0.0216,-0.0109,-0.0061,FALSE,-0.889,-0.8031,0.0858,FALSE,0.0025,-0.0283,-0.0372,-0.0294,-0.0111,FALSE,normal
2025-06-07 18:39,0.4537,0.5419,0.0882,FALSE,-0.0012,-0.0083,-0.0009,0.007,0.0109,FALSE,-1.0338,-1.0032,0.0305,FALSE,-0.0048,-0.0075,-0.0064,-0.007,-0.0178,FALSE,normal
2025-06-07 18:40,0.462,0.548,0.086,FALSE,-0.037,-0.0352,-0.0365,-0.0273,-0.025,FALSE,-0.9517,-0.9858,0.0341,FALSE,0.0206,0.0031,0.0176,0.0193,0.0245,FALSE,normal
2025-06-07 18:41,0.2808,0.2974,0.0166,FALSE,-0.0018,-0.0028,-0.0095,-0.0092,-0.0005,FALSE,-0.9356,-0.8928,0.0428,FALSE,0.0042,-0.018,-0.0246,-0.0137,-0.0072,FALSE,normal
2025-06-07 18:43,0.3598,0.3429,0.0169,FALSE,-0.0065,-0.0142,-0.0179,-0.0161,-0.0088,FALSE,-0.8601,-0.7155,0.1446,FALSE,0.015,-0.0049,-0.0233,-0.0103,-0.0078,FALSE,normal
2025-06-07 18:44,0.5475,0.4913,0.0561,FALSE,-0.0138,-0.0183,-0.0179,-0.0217,-0.026,FALSE,-0.937,-0.9856,0.0486,FALSE,-0.0059,-0.0155,-0.0201,-0.0215,-0.0123,FALSE,normal
2025-06-07 18:48,0.4889,0.4714,0.0175,FALSE,-0.0116,-0.0113,-0.0178,-0.015,-0.0128,FALSE,-0.9183,-0.9256,0.0073,FALSE,0.0072,0.0006,0.0109,0.0034,0.0021,FALSE,normal
2025-06-07 18:48,0.3931,0.4253,0.0322,FALSE,-0.0203,-0.0316,-0.0317,-0.0235,-0.0167,FALSE,-1.0583,-0.9921,0.0661,FALSE,-0.0136,-0.0234,-0.0212,-0.0195,-0.0158,FALSE,normal
2025-06-07 18:49,0.5849,0.5922,0.0073,FALSE,-0.0329,-0.0339,-0.0318,-0.0377,-0.031,FALSE,-0.8257,-0.7968,0.029,FALSE,-0.012,-0.0176,-0.017,-0.0196,-0.0146,FALSE,normal
2025-06-07 18:53,0.4358,0.4852,0.0494,FALSE,-0.0101,-0.0135,-0.0107,-0.0105,-0.0055,FALSE,-1.2,-1.17,0.03,FALSE,-0.0032,-0.0066,-0.0001,-0.005,-0.0096,FALSE,normal
2025-06-07 18:55,0.5653,0.5719,0.0066,FALSE,-0.0199,-0.02,-0.019,-0.018,-0.0202,FALSE,-0.9868,-1.0046,0.0179,FALSE,0.0037,0.0085,0.0107,0.0037,0.0052,FALSE,normal
2025-06-07 18:59,0.5732,0.5558,0.0174,FALSE,-0.0115,-0.013,-0.0198,-0.0166,-0.0122,FALSE,-0.9038,-0.9762,0.0724,FALSE,0.0024,0.0044,0.0101,0.0151,0.0083,FALSE,normal
2025-06-07 19:03,0.5045,0.4796,0.0249,FALSE,-0.017,-0.0242,-0.0176,-0.0136,-0.0204,FALSE,-1.4739,-1.3991,0.0748,FALSE,-0.0029,-0.0072,-0.0091,-0.0102,-0.0053,FALSE,normal
2025-06-07 19:09,0.3022,0.3088,0.0066,FALSE,-0.0619,-0.086,-0.0841,-0.0675,-0.0586,FALSE,-1.0805,-1.1258,0.0453,FALSE,-0.0356,-0.0315,-0.0343,-0.036,-0.0298,FALSE,normal
2025-06-07 19:15,0.5611,0.4525,0.1086,FALSE,0.0071,0.0074,0.0061,-0.0021,-0.0038,FALSE,-0.8903,-0.9574,0.0671,FALSE,0.0153,0.0248,0.0325,0.026,0.0208,FALSE,normal
2025-06-07 19:16,0.4471,0.481,0.034,FALSE,0.0041,0.0024,0.0056,0.0097,0.0099,FALSE,-0.9187,-0.9873,0.0686,FALSE,-0.005,-0.0034,-0.0047,-0.0018,-0.0011,FALSE,normal
2025-06-07 19:17,0.4398,0.3825,0.0573,FALSE,-0.0038,-0.0075,-0.0243,-0.0206,-0.0144,FALSE,-0.7891,-0.8627,0.0737,FALSE,0.0258,0.0132,0.0191,0.021,0.0254,FALSE,normal
2025-06-07 19:18,0.5988,0.511,0.0878,FALSE,-0.0097,-0.0141,-0.0165,-0.021,-0.0205,FALSE,-0.9874,-0.9617,0.0256,FALSE,0.006,-0.013,-0.0028,0.0092,0.0128,FALSE,normal
2025-06-07 19:18,0.2936,0.2586,0.035,FALSE,-0.0098,-0.0075,0.0003,-0.0087,-0.0139,FALSE,-0.931,-0.9722,0.0412,FALSE,-0.0157,-0.0024,-0.0042,-0.0068,-0.0066,FALSE,normal
2025-06-07 19:19,0.307,0.3849,0.078,FALSE,-0.0034,0.0107,0.0095,0.0063,0.0066,FALSE,-0.9106,-0.9276,0.017,FALSE,0.0255,0.021,0.0274,0.0255,0.0301,FALSE,normal
2025-06-07 19:22,0.4101,0.4961,0.0859,FALSE,-0.013,-0.0086,0.0173,0.0093,0.0078,FALSE,-0.9527,-0.8768,0.0758,FALSE,0.0161,0.014,0.0284,0.0258,0.0131,FALSE,normal
2025-06-07 19:23,0.5367,0.5018,0.0349,FALSE,-0.007,-0.0122,-0.0182,-0.0122,-0.012,FALSE,-1.125,-1.1052,0.0199,FALSE,-0.0043,-0.0134,-0.0114,-0.0116,-0.01,FALSE,normal
2025-06-07 19:24,0.609,0.606,0.0031,FALSE,0.0052,0.0058,0.0008,0.0052,0.0058,FALSE,-1.0223,-1.0471,0.0248,FALSE,0.0109,0.0115,0.0138,0.014,0.0119,FALSE,normal
2025-06-07 19:25,0.5243,0.4311,0.0932,FALSE,-0.0196,-0.0331,-0.0325,-0.0368,-0.0337,FALSE,-0.6125,-0.6919,0.0794,FALSE,-0.0223,-0.0303,-0.0247,-0.0161,-0.0109,FALSE,normal
2025-06-07 19:26,0.4636,0.4941,0.0304,FALSE,-0.0223,-0.0239,-0.0202,-0.0195,-0.017,FALSE,-0.6994,-0.7396,0.0402,FALSE,0.007,-0.0092,-0.0045,0.0017,0.0138,FALSE,normal
2025-06-08 1:45,0.3975,0.3992,0.0018,FALSE,-0.0253,-0.0376,-0.0402,-0.0321,-0.0261,FALSE,-0.538,-0.5768,0.0388,FALSE,0.0208,0.0188,0.0226,0.0266,0.0277,FALSE,normal
2025-06-08 1:46,0.8478,0.7993,0.0485,FALSE,-0.0033,-0.0186,-0.0138,-0.0127,-0.0153,FALSE,-0.7515,-0.8771,0.1256,FALSE,0.0014,0.0086,0.006,0.0038,0.0108,FALSE,normal
2025-06-08 1:47,0.6992,0.571,0.1283,FALSE,0.0084,-0.0151,-0.0196,-0.0133,-0.0101,FALSE,-1.7522,-2.6507,0.8985,TRUE,0.0016,0.0005,0.0142,0.0224,0.0454,FALSE,detected
2025-06-08 1:48,0.8908,2.966,2.0752,TRUE,-0.0909,-0.0504,-0.0075,0.0346,0.0456,FALSE,-1.0408,-1.1621,0.1214,FALSE,0.0149,0.0066,0.0057,0.0198,0.023,FALSE,detected
2025-06-08 1:50,0.8685,2.2611,1.3925,TRUE,-0.0609,-0.0599,-0.0164,0.0056,0.04,FALSE,-1.1125,-1.1721,0.0596,FALSE,0.0029,-0.012,-0.019,-0.0151,-0.014,FALSE,detected
2025-06-08 1:50,0.4418,2.7855,2.3436,TRUE,-0.1219,-0.0679,-0.0089,0.0281,0.0467,FALSE,-0.6431,-0.5799,0.0632,FALSE,0.0053,-0.0164,-0.0091,-0.0056,-0.0025,FALSE,detected
2025-06-08 1:51,0.5016,2.2785,1.777,TRUE,-0.112,-0.0649,-0.0045,0.0354,0.0538,FALSE,-0.5716,-0.5996,0.028,FALSE,-0.0335,-0.0219,-0.015,-0.0103,-0.0118,FALSE,detected
2025-06-08 1:52,1.6063,2.4512,0.8449,TRUE,-0.0658,-0.0656,-0.0553,-0.0536,-0.0278,FALSE,-0.8389,-0.9163,0.0774,FALSE,-0.0114,-0.0181,-0.0106,-0.0044,-0.0092,FALSE,detected
2025-06-05 21:51,0.0406,0.1509,0.1103,FALSE,0.0451,0.0612,0.0689,0.0735,0.0755,FALSE,-0.1421,-1.6138,1.4717,TRUE,-0.0585,-0.0394,0.0104,0.0434,0.0877,FALSE,detected
2025-06-05 23:51,-0.1671,1.1565,1.3236,TRUE,-0.1164,-0.0509,0.0098,0.0551,0.0925,FALSE,0.0509,0.0589,0.008,FALSE,0.0103,0.0107,0.0107,0.0159,0.0097,FALSE,detected
2025-06-08 1:56,0.4455,2.45,2.0045,TRUE,-0.1178,-0.0872,-0.0408,0.01,0.0628,FALSE,-0.888,-0.9421,0.0541,FALSE,0.0149,0.0139,0.006,0.0126,0.0152,FALSE,detected
2025-06-08 1:58,0.8502,2.3013,1.4511,TRUE,-0.0991,-0.0621,-0.0241,0.0024,0.0165,FALSE,-0.8725,-0.8264,0.0461,FALSE,0.0113,0.0082,0.0019,0.0074,0.0081,FALSE,detected
2025-06-08 2:01,0.8649,3.0252,2.1603,TRUE,-0.0664,-0.0508,-0.0318,-0.0101,0.0161,FALSE,-0.7279,-0.7559,0.028,FALSE,-0.0104,-0.0276,-0.0266,-0.0221,-0.0041,FALSE,detected
2025-06-08 2:03,2.8213,2.4495,0.3719,TRUE,0.004,-0.023,-0.0228,0.0064,-0.0056,FALSE,-0.5108,-0.4889,0.0219,FALSE,0.0081,0.0055,0.0078,0.008,0.0088,FALSE,detected
2025-06-08 2:05,0.7947,2.1457,1.351,TRUE,-0.0563,-0.011,0.0174,0.0495,0.0649,FALSE,-0.8202,-0.7625,0.0577,FALSE,0.0143,0.0144,0.0001,0.0071,0.0153,FALSE,detected
2025-06-08 2:09,0.4521,2.1923,1.7403,TRUE,-0.0702,-0.0478,0.0171,0.0483,0.0689,FALSE,-0.63,-0.7075,0.0775,FALSE,-0.0198,-0.0307,-0.0157,-0.0067,-0.0084,FALSE,detected
2025-06-08 2:10,0.629,35.0908,34.4656,TRUE,-0.1175,-0.0929,-0.0124,0.0633,0.1111,FALSE,-0.8226,-0.6299,0.1927,FALSE,-0.0079,-0.0123,-0.0125,-0.0031,0.0037,FALSE,detected
2025-06-08 2:13,2.0416,3.4394,1.3978,TRUE,0.0033,0.0351,0.0515,0.0657,0.0612,FALSE,-0.745,-0.7579,0.0129,FALSE,0.018,0.0252,0.0194,0.0189,0.0176,FALSE,detected
2025-06-08 2:15,0.711,2.5391,1.8281,TRUE,-0.1132,-0.0583,-0.0034,0.0205,0.04,FALSE,-0.6824,-0.7109,0.0284,FALSE,0.0034,-0.0008,0.0052,0.0096,0.0122,FALSE,detected
2025-06-08 2:20,0.5804,5.4862,4.9059,TRUE,-0.0866,-0.0449,0.0217,0.0678,0.0885,FALSE,-0.9229,-0.9581,0.0352,FALSE,0.0157,-0.0115,-0.0111,-0.0053,0.0124,FALSE,detected
2025-06-08 2:25,1.0085,3.2192,2.2107,TRUE,-0.1005,-0.0438,-0.0198,0.0186,0.0461,FALSE,-1.2152,-1.2995,0.0843,FALSE,-0.0167,-0.0172,-0.0103,-0.0455,-0.0449,FALSE,detected
2025-06-08 2:27,1.304,3.5486,2.2446,TRUE,-0.042,0.0004,0.0298,0.0568,0.0819,FALSE,-0.4028,-0.4941,0.0913,FALSE,0.0007,0.0011,-0.0027,0.0021,0.0212,FALSE,detected
2025-06-08 2:28,0.8362,18.5174,17.6823,TRUE,-0.1002,-0.0658,-0.0152,0.0382,0.0915,FALSE,-0.9912,-1.0643,0.0731,FALSE,-0.0163,-0.0228,-0.0225,-0.0211,-0.0091,FALSE,detected
2025-06-08 2:29,1.0007,1.1742,0.1736,FALSE,-0.0201,-0.0207,-0.0157,-0.0069,-0.0055,FALSE,-0.8818,-2.4454,1.5636,TRUE,-0.0499,-0.0167,0.022,0.0468,0.0641,FALSE,detected
2025-06-08 2:29,0.9188,0.8515,0.0674,FALSE,0.016,-0.0024,-0.0136,0.0004,0.0062,FALSE,-1.1152,-11.4287,10.3131,TRUE,-0.0728,-0.0981,-0.0442,0.0117,0.0636,FALSE,detected
2025-06-08 2:31,0.7782,0.6342,0.144,FALSE,0.0125,0.0231,0.0227,0.0288,0.0074,FALSE,-0.9079,-2.9119,2.004,TRUE,-0.0882,-0.0544,-0.0052,0.0652,0.0663,FALSE,detected
2025-06-08 2:33,0.5573,0.5632,0.0059,FALSE,0.0224,0.0225,0.03,0.0376,0.0205,FALSE,-0.8061,-3.4816,2.6755,TRUE,-0.0355,-0.0094,0.0459,0.0894,0.1143,FALSE,detected
2025-06-08 2:53,0.5938,0.557,0.0368,FALSE,-0.0037,-0.0173,-0.0063,-0.0102,-0.008,FALSE,-0.9529,-3.18,2.2271,TRUE,-0.0663,-0.0662,-0.0173,0.0181,0.0649,FALSE,detected
2025-06-08 2:54,0.6902,0.5961,0.0942,FALSE,0.0032,-0.0196,-0.0274,-0.0176,-0.0079,FALSE,0.708,-2.7202,3.4281,TRUE,-0.0874,-0.0317,-0.005,0.0466,0.0617,FALSE,detected
2025-06-08 2:57,0.7136,0.726,0.0125,FALSE,0.0017,-0.0046,-0.0003,-0.0021,0.0016,FALSE,-0.8532,-2.4465,1.5932,TRUE,-0.0541,-0.0754,-0.0371,0.0132,0.0459,FALSE,detected
2025-06-08 2:59,0.5091,0.4721,0.0369,FALSE,-0.013,-0.0224,-0.0413,-0.0357,-0.0159,FALSE,-1.0132,-2.4572,1.4439,TRUE,-0.0572,-0.0314,0.0092,0.0293,0.0472,FALSE,detected
2025-06-08 3:00,0.5689,0.6161,0.0472,FALSE,0.012,0.0107,0.0137,0.0164,0.0155,FALSE,-1.0041,-3.1233,2.1192,TRUE,-0.0682,-0.0586,-0.0258,0.033,0.0457,FALSE,detected
2025-06-08 3:03,0.5552,0.6445,0.0893,FALSE,-0.0286,-0.0304,-0.024,-0.0158,-0.0128,FALSE,-0.7713,-1.6564,0.8851,TRUE,-0.0725,-0.0699,-0.0443,-0.0248,0.0064,FALSE,detected
2025-06-08 3:04,0.9939,0.8236,0.1703,FALSE,-0.0086,-0.0076,-0.0029,-0.0077,-0.0222,FALSE,-0.926,-1.2705,0.3445,TRUE,-0.0011,-0.0516,-0.0451,-0.02,-0.0077,FALSE,detected
2025-06-08 3:07,1.2488,1.3478,0.099,FALSE,-0.0113,-0.02,-0.0119,-0.0129,-0.0033,FALSE,-0.8946,-5.0107,4.116,TRUE,-0.0596,-0.052,0.0121,0.0468,0.1062,FALSE,detected
2025-06-08 3:08,0.8921,0.876,0.0161,FALSE,0.0022,-0.0043,0.0017,0.0041,0.0024,FALSE,-1.3429,-3.8778,2.5349,TRUE,-0.0881,-0.088,-0.014,0.034,0.0639,FALSE,detected
2025-06-08 3:10,0.8903,1.0246,0.1343,FALSE,0.0098,0.0032,-0.0007,0.0034,0.024,FALSE,-1.1718,-3.5543,2.3825,TRUE,-0.0674,-0.0724,-0.0234,0.0216,0.0754,FALSE,detected
2025-06-08 3:11,0.6387,0.5574,0.0813,FALSE,-0.0029,-0.0073,-0.0078,-0.013,-0.0145,FALSE,-0.975,-2.5857,1.6108,TRUE,-0.0869,0.0595,0.0162,0.0254,0.0827,FALSE,detected
2025-06-08 3:12,0.7903,0.8536,0.0632,FALSE,0.0072,0.0055,0.0052,0.0071,0.0012,FALSE,-1.048,-9.4703,8.4221,TRUE,-0.1079,-0.0751,0.0022,0.052,0.0959,FALSE,detected
2025-06-08 3:14,1.0355,1.2155,0.1801,FALSE,-0.0045,-0.0074,-0.0167,-0.0194,-0.0112,FALSE,-0.8924,-2.9604,2.068,TRUE,-0.0848,-0.026,0.028,0.0553,0.0835,FALSE,detected
2025-06-08 3:16,0.8266,0.7378,0.0889,FALSE,0.0156,0.0141,0.0163,0.0112,0.007,FALSE,-0.8692,-2.706,1.8367,TRUE,-0.0629,-0.0368,0.0098,0.042,0.1074,FALSE,detected
2025-06-08 3:17,0.9152,0.9918,0.0766,FALSE,-0.0284,-0.0352,-0.0275,-0.0073,-0.0105,FALSE,-1.0317,-2.7759,1.7442,TRUE,-0.0831,-0.0408,0.0012,0.0394,0.073,FALSE,detected
2025-06-08 3:18,0.8371,0.9718,0.1348,FALSE,-0.0205,-0.0254,-0.0158,-0.0145,-0.0094,FALSE,-0.957,6.3971,7.3543,TRUE,-0.1203,-0.1711,-0.0692,-0.0027,0.057,FALSE,detected
2025-06-08 3:19,0.7257,0.7009,0.0248,FALSE,-0.005,-0.0129,-0.0017,-0.0086,-0.0116,FALSE,-1.1598,-8.2948,7.1348,TRUE,-0.0854,-0.0453,0.0052,0.0582,0.084,FALSE,detected
2025-06-08 3:19,0.9645,0.8415,0.123,FALSE,0.0124,0.01,0.0101,0.0085,0.0088,FALSE,-1.4299,-2.7568,1.3269,TRUE,-0.0189,-0.0358,-0.006,0.0141,0.0371,FALSE,detected
2025-06-08 3:20,0.6673,0.6778,0.0106,FALSE,-0.0098,-0.0139,-0.0189,-0.0099,-0.0079,FALSE,-0.806,-2.4684,1.6623,TRUE,-0.0601,-0.061,-0.0308,-0.0051,0.032,FALSE,detected
2025-06-08 3:21,0.6454,0.6449,0.0005,FALSE,0.0112,0.0096,0.0107,0.0044,0.0059,FALSE,-0.808,-2.6617,1.8537,TRUE,-0.0449,-0.0087,0.0291,0.0438,0.0714,FALSE,detected
2025-06-08 3:23,1.3773,1.2698,0.1075,FALSE,0.0013,0.0015,0.0004,0.0012,-0.0028,FALSE,-1.0956,-2.7296,1.634,TRUE,-0.0479,-0.016,0.0295,0.0537,0.0638,FALSE,detected
2025-06-06 23:12,0.7162,3.1608,2.4447,TRUE,-0.1164,-0.0585,-0.0116,0.0272,0.0787,FALSE,-0.8018,-0.8103,0.0084,FALSE,-0.0385,-0.0478,-0.046,-0.041,-0.0416,FALSE,detected
2025-06-06 23:14,-0.7911,9.0026,9.794,TRUE,-0.0816,-0.0355,0.0228,0.0703,0.0983,FALSE,-0.7681,-0.8001,0.032,FALSE,0.0084,0.0054,0.0124,0.0019,0.0089,FALSE,detected
2025-06-06 23:15,0.7183,0.6566,0.0616,FALSE,-0.0242,-0.0212,-0.0177,-0.0213,-0.0222,FALSE,-2.0678,-3.1165,1.0487,TRUE,-0.0362,-0.035,-0.0177,-0.0059,0.0046,FALSE,detected
,,,,,,,,,,,,,,,,,,,,,
,,,,,,,,,,,,,,,,,,,,,
,,,,,,,,,,,,,,,,,,,,,
,,,,,,,,,,,,,,,,,,,,,
,,,,,,,,,,,,,,,,,,,,,
,,,,,,,,,,,,,,,,,,,,,
,,,,,,,,,,,,,,,,,,,,,
,,,,,,,,,,,,,,,,,,,,,
,,,,,,,,,,,,,,,,,,,,,
,,,,,,,,,,,,,,,,,,,,,
,,,,,,,,,,,,,,,,,,,,,
,,,,,,,,,,,,,,,,,,,,,
,,,,,,,,,,,,,,,,,,,,,
,,,,,,,,,,,,,,,,,,,,,
,,,,,,,,,,,,,,,,,,,,,
,,,,,,,,,,,,,,,,,,,,,
,,,,,,,,,,,,,,,,,,,,,
,,,,,,,,,,,,,,,,,,,,,
,,,,,,,,,,,,,,,,,,,,,
,,,,,,,,,,,,,,,,,,,,,
,,,,,,,,,,,,,,,,,,,,,
,,,,,,,,,,,,,,,,,,,,,
,,,,,,,,,,,,,,,,,,,,,
,,,,,,,,,,,,,,,,,,,,,
,,,,,,,,,,,,,,,,,,,,,
,,,,,,,,,,,,,,,,,,,,,
,,,,,,,,,,,,,,,,,,,,,
,,,,,,,,,,,,,,,,,,,,,
,,,,,,,,,,,,,,,,,,,,,
,,,,,,,,,,,,,,,,,,,,,
,,,,,,,,,,,,,,,,,,,,,
,,,,,,,,,,,,,,,,,,,,,
,,,,,,,,,,,,,,,,,,,,,
,,,,,,,,,,,,,,,,,,,,,
,,,,,,,,,,,,,,,,,,,,,
,,,,,,,,,,,,,,,,,,,,,
,,,,,,,,,,,,,,,,,,,,,
,,,,,,,,,,,,,,,,,,,,,
,,,,,,,,,,,,,,,,,,,,,
,,,,,,,,,,,,,,,,,,,,,
,,,,,,,,,,,,,,,,,,,,,
,,,,,,,,,,,,,,,,,,,,,
,,,,,,,,,,,,,,,,,,,,,
,,,,,,,,,,,,,,,,,,,,,
,,,,,,,,,,,,,,,,,,,,,
,,,,,,,,,,,,,,,,,,,,,
,,,,,,,,,,,,,,,,,,,,,
,,,,,,,,,,,,,,,,,,,,,
,,,,,,,,,,,,,,,,,,,,,
,,,,,,,,,,,,,,,,,,,,,
,,,,,,,,,,,,,,,,,,,,,
,,,,,,,,,,,,,,,,,,,,,
,,,,,,,,,,,,,,,,,,,,,
,,,,,,,,,,,,,,,,,,,,,
,,,,,,,,,,,,,,,,,,,,,
,,,,,,,,,,,,,,,,,,,,,
,,,,,,,,,,,,,,,,,,,,,
,,,,,,,,,,,,,,,,,,,,,
,,,,,,,,,,,,,,,,,,,,,
,,,,,,,,,,,,,,,,,,,,,
,,,,,,,,,,,,,,,,,,,,,
,,,,,,,,,,,,,,,,,,,,,
,,,,,,,,,,,,,,,,,,,,,
,,,,,,,,,,,,,,,,,,,,,
,,,,,,,,,,,,,,,,,,,,,
,,,,,,,,,,,,,,,,,,,,,
,,,,,,,,,,,,,,,,,,,,,
,,,,,,,,,,,,,,,,,,,,,
,,,,,,,,,,,,,,,,,,,,,
,,,,,,,,,,,,,,,,,,,,,
,,,,,,,,,,,,,,,,,,,,,
,,,,,,,,,,,,,,,,,,,,,
,,,,,,,,,,,,,,,,,,,,,
,,,,,,,,,,,,,,,,,,,,,
,,,,,,,,,,,,,,,,,,,,,
,,,,,,,,,,,,,,,,,,,,,
,,,,,,,,,,,,,,,,,,,,,
,,,,,,,,,,,,,,,,,,,,,
,,,,,,,,,,,,,,,,,,,,,
,,,,,,,,,,,,,,,,,,,,,
,,,,,,,,,,,,,,,,,,,,,
,,,,,,,,,,,,,,,,,,,,,
,,,,,,,,,,,,,,,,,,,,,
,,,,,,,,,,,,,,,,,,,,,
,,,,,,,,,,,,,,,,,,,,,
,,,,,,,,,,,,,,,,,,,,,
,,,,,,,,,,,,,,,,,,,,,
,,,,,,,,,,,,,,,,,,,,,
,,,,,,,,,,,,,,,,,,,,,
,,,,,,,,,,,,,,,,,,,,,
,,,,,,,,,,,,,,,,,,,,,
,,,,,,,,,,,,,,,,,,,,,
,,,,,,,,,,,,,,,,,,,,,
,,,,,,,,,,,,,,,,,,,,,
,,,,,,,,,,,,,,,,,,,,,
,,,,,,,,,,,,,,,,,,,,,
,,,,,,,,,,,,,,,,,,,,,
,,,,,,,,,,,,,,,,,,,,,
,,,,,,,,,,,,,,,,,,,,,
,,,,,,,,,,,,,,,,,,,,,
,,,,,,,,,,,,,,,,,,,,,
,,,,,,,,,,,,,,,,,,,,,
,,,,,,,,,,,,,,,,,,,,,
,,,,,,,,,,,,,,,,,,,,,
,,,,,,,,,,,,,,,,,,,,,
,,,,,,,,,,,,,,,,,,,,,
,,,,,,,,,,,,,,,,,,,,,
,,,,,,,,,,,,,,,,,,,,,
,,,,,,,,,,,,,,,,,,,,,
,,,,,,,,,,,,,,,,,,,,,
,,,,,,,,,,,,,,,,,,,,,
